show_id,movie_cast,release_date,director,rating
1,Robert Hall,2013,James Foster,R
2,Jacob Case,2004,George Wright,R
3,Carol Burgess,2015,Daniel Mcmahon,U
4,Jessica Hill,1996,Lauren Rivera,PG-13
5,Jasmine Wang,2010,Hannah Colon,U
6,Travis Smith,2010,David Simpson,U
7,Donald Lee,2001,Zachary James,PG-13
8,Sara Rice,2009,Michael Williams,R
9,Michael Douglas,2012,Daniel Wilson,R
10,Greg Daniel,2010,Christian Dodson,PG-13
11,Jason Kim,1995,Benjamin Jenkins,R
12,Curtis Burnett,2003,Jordan Mathis,U
13,Meagan Lin,2004,Valerie Walls,PG-16
14,Gary Coleman,1995,Jose Johnson,A
15,Jacqueline Johnson,2007,Kyle Doyle,R
16,Jonathan Perez,1997,Matthew Perez,PG-16
17,Joshua Gates,1994,Rodney Hanson,PG-16
18,Zachary Smith,2016,Alex Moses,U
19,David York,2016,Daniel Rodriguez,PG-13
20,Denise Cook,2008,Dan Church,R
21,Marie Chavez,2007,Rebecca Peters,PG-16
22,Samantha Taylor MD,1990,Laura Gibson,A
23,Michael Steele,1998,Heather Clark,U
24,Diana Martinez,2009,Natasha Jackson,PG-16
25,Kevin Flores,2010,Jeffrey Howe,PG-13
26,Tamara Obrien,1999,Gregory Roberson,R
27,Curtis Massey,2009,Jessica Barnett,U
28,Jordan Cole,2010,Kaitlyn Crosby,PG-13
29,Leroy Hughes,2010,William Barber,R
30,Laura Dawson,2013,John Mccarthy,U
31,Evan Burke,2013,James Kelly,R
32,Rebecca Baker,2015,Kayla Thompson,PG-13
33,Joseph Berry,2016,Alyssa Silva,R
34,Ray Joseph,1997,Edward Wilkinson,PG-16
35,Kimberly Carey,2004,Kathleen Rodriguez,PG-16
36,Patrick Davenport,2007,Gregory Ramirez,R
37,Eric Harris,2001,Bianca Logan,A
38,Wanda Kelly,2002,James Oconnell,R
39,Charles Diaz,1991,Robert Hall,U
40,Denise Robertson,2013,Sarah Smith,U
41,Alicia Williams,2008,Luis Smith,R
42,Terrence Williams,2011,Allen Frazier,PG-13
43,Bruce Jones,2006,Nicholas Dean,PG-13
44,Janice Newton,2008,Nancy Myers,R
45,Michael Briggs,2000,Jeremy West,PG-16
46,Brandon Hale,1996,Kenneth Wood,U
47,Mark Hill,2008,Melissa Hernandez,A
48,Kurt Ayers,2009,Kenneth Carlson,R
49,Zachary Huffman,1993,Brian Odom,A
50,Sheila Hernandez,2004,Jesus Zuniga,PG-16
51,Catherine Ortega,1995,Scott Holmes,A
52,Sandra Steele,2010,Jason Wagner,PG-16
53,Kylie Jones,2017,Justin Reed,R
54,Kelly Jackson,2017,James Barker,A
55,James Evans,2017,Brenda Hunter,PG-13
56,Tara Hudson,2012,Dylan Franklin,A
57,Alejandra Cook,2016,Karen Leon,R
58,Douglas Ramirez,1997,Sergio Morse,R
59,Samantha Sosa,2006,Patricia Ryan,PG-16
60,Kristin Ford,1997,Kristen Young,R
61,Laura Lane,2005,Diana Lang,PG-13
62,Alicia Owen,2004,Michael Reed,U
63,Ashley Brown,2010,Jennifer Wilson,PG-16
64,Melissa Swanson,2001,Matthew Gonzalez,PG-16
65,Jeremy Garcia,1993,Richard Castillo,PG-16
66,Dr. Tina Gilbert DVM,1991,Andrew Foster,PG-13
67,Amanda Hill,1999,Lorraine Peterson,A
68,Brenda Morris,2014,Lawrence Abbott,U
69,Elizabeth Cannon,2010,Elizabeth Brown,R
70,Mrs. Holly Pollard MD,2010,Thomas Vang,PG-13
71,Christina Burke,2005,Shannon Johnson,PG-16
72,Michael Mitchell,2007,Kelly Young,PG-13
73,Tony Mitchell,1993,Jenny Thomas,PG-16
74,Jason Odonnell,1993,Caitlin Hammond,R
75,Jeremy Dudley,1990,Lisa Moreno,R
76,Christopher Stewart,2011,Carrie Cain,U
77,Michael Pearson,2011,Joseph Jimenez,R
78,Traci Anderson,2000,Andrea Forbes,PG-16
79,Daniel Hammond,2000,Whitney Waters,A
80,Henry Richard,2017,Courtney Morales,U
81,Crystal Branch,1991,Brittany Williams,PG-13
82,Ashley Brown,1990,Jessica Houston,A
83,Carolyn Kirk,1993,Lisa Sanchez,U
84,Michael Carter,1998,Amy Esparza,PG-16
85,Alexandria Jackson,2011,Jennifer Nelson,U
86,Brenda Nguyen,1995,David Wilson,A
87,James Mueller,1996,Hannah Whitney,A
88,Stephen Todd,1992,Patrick Shaw,PG-16
89,Stephen Romero,2007,Richard Bell,PG-13
90,Leslie Dunn,1997,Thomas Harris,R
91,Alejandro Booth,2013,Kim Stephens,A
92,Amanda Salazar,2004,Jennifer Parsons,U
93,Robert Kelley,2010,Eduardo Richardson MD,U
94,Vanessa Walker,1997,Eric Sanders,PG-13
95,Calvin Underwood,1996,Tiffany Ryan,PG-16
96,Wayne Powers Jr.,1993,Anthony Wright,R
97,Bianca Fernandez,1997,Thomas Horn,PG-16
98,Michael Osborne,2012,Dr. Gabriel Garcia,PG-16
99,Benjamin Summers,1993,Roberto Munoz,PG-16
100,Katherine Roth,2015,Bethany Bird,A
101,Wesley Graham,2016,David Bowman,U
102,Kurt Ramirez,2008,Kayla Ho,A
103,Mr. Anthony Vazquez,2017,Cheryl Horn,R
104,Matthew Singleton,2016,April Forbes,U
105,Natalie Jones,2011,Marco Burch,U
106,Laura Galvan,2015,Daniel Carter,R
107,David Nelson,1996,Gabriel Baker,R
108,Erica Park,1993,Michael Gutierrez,PG-13
109,Jesse Pearson,1996,Hannah Green,U
110,Zachary Brown,2003,Lindsay Ward,R
111,Chelsea Hebert DVM,1996,Elizabeth Lin,R
112,Christopher Day,2001,Brianna Morgan,PG-13
113,Kimberly Spears,2014,Donald Williams,R
114,Jacob Werner,2009,Rachel Collier,PG-16
115,Laura Cantu,2000,Joseph Smith,PG-13
116,Douglas Chaney MD,1998,Brandon Carrillo,PG-16
117,Darrell Weaver,1999,Lisa Campbell,PG-13
118,Jordan Johnson,1995,Tina Pugh,R
119,Dr. David Dominguez,2017,Donna Berg,U
120,Connie Ramos,2010,Mallory Flores,PG-13
121,Richard Jenkins,2003,Aaron Delacruz,A
122,Randy Stanley,1997,John Young,PG-16
123,Joseph Hardy,2001,Mary Stephens,U
124,Amber Wilkinson,1990,Felicia Travis,U
125,Rebecca Knight,2012,Christopher Smith,U
126,Catherine Underwood,1995,Logan Jones,R
127,Brittney Padilla,2010,Natalie Flynn,R
128,Kenneth Ho,1997,Eric Williams,A
129,Jamie Reynolds,2014,Mr. Daniel Conrad,A
130,Rickey Webb,2005,William Walker,A
131,Kaitlyn Christian,2003,Thomas Farley,U
132,Leslie Drake,1999,Kimberly Pittman,A
133,Elizabeth Holmes,2003,Susan Murphy,PG-16
134,Jessica Roberts,2000,Matthew Ross,PG-13
135,Gabriel Shepard,1990,Michael Ramirez,A
136,Patrick Mann,2005,Mitchell Taylor,A
137,Angela Waters,1999,Amanda Gonzalez DDS,A
138,David Henry,1994,Gail Hall,A
139,Ryan Brown,2003,Taylor Short,R
140,Vincent Wilkins,1990,Edward Zavala,R
141,Evelyn Simpson,2001,David Palmer,PG-16
142,Kelly Reyes,2012,Jillian Hoffman,A
143,Brooke King,2014,Kimberly Harrington,PG-13
144,Shannon Hernandez,2015,Kaitlyn Harper,U
145,Charles Reed,2012,Kirsten Miller,PG-16
146,Sheila Vega,2017,Robert Stevens,U
147,Cory Wilson,1993,Lisa Henry,R
148,Michael Gill,2003,Haley Burke,R
149,Brandon Floyd,2011,Clinton Love,R
150,Alejandro Lewis,2004,Adam Ortiz,R
151,Glenda Woods,1990,Monica Montes,A
152,Antonio Garrison,1994,John Davis,R
153,Sherri Mckinney,1999,Morgan Thomas,R
154,Brian Miller,1995,Renee Francis,A
155,Calvin Berger,2003,Laurie Rodriguez,A
156,Zachary Rogers,2003,David Edwards,A
157,Katherine Murphy,1990,William Nelson,PG-13
158,Helen Nguyen,1999,Patricia Lucas,U
159,Mary Parrish,2002,Christopher Smith,PG-16
160,Charles Chambers,2015,Travis Kennedy,PG-13
161,Amy Valentine,2000,Sarah Hernandez,U
162,Victoria Rivera,2006,Jerry Vargas,PG-13
163,Jorge Stephenson,1990,Stephanie Davis,PG-13
164,Gwendolyn Ellis,2002,Austin Boone,R
165,Samantha Long,2007,Walter Shelton,PG-16
166,Ronald Beck,1998,Erin Dillon,PG-16
167,Jeffrey Irwin,2006,Hunter Ruiz,A
168,Angela Johnson,2009,David Gonzalez,A
169,Karen Rogers,1999,Todd Bennett,PG-16
170,Elizabeth Delgado,2011,Shannon Jones,R
171,Peter Miller,2016,James Smith,PG-16
172,William Mcdonald,1997,Brenda Fleming,R
173,Craig Strickland,1999,Jonathan Webb,U
174,Sharon Davis,2008,Gregory Daugherty,R
175,Jesse Atkins,2011,Wesley Wise,PG-16
176,Sonia Campbell,2011,Dana Daniels,A
177,Kenneth Carter,1997,Raymond Walker,U
178,Kevin Brewer,2000,David Hamilton,A
179,Alexa Brown,1993,Thomas Woods,U
180,Anthony Benson,2004,Mary Benitez,A
181,Dawn Randall,2004,Linda King,PG-13
182,Angel Lewis,2012,Tammy Frederick,PG-16
183,Kayla Jackson,2003,Billy Chavez,U
184,Alejandro Thomas,2005,Juan Jenkins,R
185,James Garcia PhD,2015,Jeremiah Lester,R
186,David Whitaker,2007,Nancy Thompson,PG-13
187,Caitlin Rivera,1994,Allison Holloway,R
188,Melissa Montgomery,2007,Christine Contreras,U
189,Misty Pearson,1991,Lisa Vance,U
190,Kyle Grant,2001,Stephanie Fleming,U
191,Ricky Green,1993,Peter Walker,R
192,Ann Rogers,1998,Jordan Garcia,PG-13
193,Melissa Simon,1997,Peter Ortiz,PG-13
194,Donna Green,1998,Richard Lane,R
195,Earl Hickman,2011,Cassandra Peterson,R
196,Michael Torres,2003,Anita Chapman,PG-13
197,Anita Erickson,2004,Theresa Hernandez,R
198,Rhonda Lynch,1999,Angela Thomas,A
199,Levi Stark,2000,Michael Bennett,PG-16
200,Bridget Griffin,1995,Nicholas Abbott,PG-16
201,Heather Smith,2009,Marcus Herrera,U
202,Emma Lane,2005,Brittany Hall,U
203,Lonnie Hebert,2016,Sandra Garcia,PG-16
204,James Kennedy,2006,Jacob Howard,R
205,Dr. Tyler Miller,1992,Jonathan Jacobs,PG-16
206,Mary Murphy DVM,1995,Kenneth Long,A
207,Mrs. Michelle Bush,2000,James Graham,PG-16
208,Emily Terry,2011,Michael Gutierrez,PG-16
209,Douglas Hess,1992,Kevin Espinoza,A
210,Patricia Goodwin,2016,Donna Diaz,R
211,William Heath,2002,Richard Kelley,U
212,Annette Cochran,2003,Ian Marquez,U
213,Todd Vargas,1997,Courtney Cook,R
214,Benjamin Kelley,2004,Jonathan Rivera,A
215,Timothy Davis,1992,Alfred Ritter,R
216,Rachel Castaneda,2000,Elizabeth Waters,U
217,Tracy Valentine,1997,Nichole Smith,A
218,Philip Nelson,2000,Melissa Brown,R
219,Jeremy Ortiz,2011,Alex Morton,PG-13
220,Michael Mann,1996,James Hernandez,R
221,Michele Harris,1995,Matthew Hughes,PG-13
222,Sandra Smith,2004,Gary Juarez,PG-16
223,Jennifer Johnson,2013,Rebecca Robinson,A
224,Wendy Gonzalez,1998,Nicole Hale,PG-16
225,Pamela Combs,1997,Jennifer Anderson,PG-16
226,Cindy Meyers,1996,Zachary Kennedy,U
227,Ashley Cross,2012,Brian Smith,PG-16
228,Ronald Washington,1998,Edwin Zimmerman,U
229,Brittany Hernandez,1994,Thomas Greene,U
230,Jamie Tran,1990,Keith Skinner,PG-16
231,Scott Morales,1998,Erica Gonzales,A
232,Stephanie Cooper MD,1992,Marc Myers,R
233,Donna Tyler,1990,Kevin Villa,PG-13
234,Jessica Perez,2015,Mark Jones,U
235,Derrick Wright,2015,Laura Greene,A
236,Keith Leblanc,2006,Shane Ellison,A
237,Dalton Berger,2004,Tammy Valenzuela,PG-16
238,Peter Cole,1991,Caroline Shaw,R
239,Arthur Rodriguez,1992,Jamie Love,PG-13
240,Grace Wilson,1997,Jose Shaw,PG-13
241,Kathleen Cherry,1995,Victoria Braun,A
242,Jeff Matthews,2017,Ricardo Davis,PG-16
243,Jeffery Thomas,2014,Gabrielle Snyder,R
244,Robert Oneal,2015,Emily Pierce,U
245,Jessica Barber,2006,Andrea Ramirez,A
246,Jason Rodriguez,1994,Scott Davis,PG-13
247,Christopher Klein,1993,William Cox,PG-16
248,Jessica Best,2010,Kenneth Evans,R
249,Brian Hall,1992,Michael Humphrey,PG-16
250,Joseph Cruz,2015,Perry Bolton,A
251,Randy Johnson,2014,Emily Watson,R
252,Kelly Walton,2000,Karina Smith,U
253,Wendy Zimmerman,2006,Cory Sanchez,PG-13
254,Kristen Vargas,1992,Joseph Duncan,PG-13
255,Douglas Rowe,2017,Samuel Adkins,U
256,Michael Clay,2010,Kelly Wilson,PG-16
257,Katelyn Benjamin,2005,Samantha Evans,U
258,Alicia Johnson,2012,Andrea Ochoa,A
259,James Reyes,2015,Larry Martinez,A
260,James Beasley,2003,Kenneth Mckay,U
261,Brandy Vasquez,1994,Raven Castro,U
262,Tina Chen,2014,Thomas Singh,A
263,Benjamin Porter,1995,Alexandra Mays,A
264,Stephanie Miller,1995,Jennifer Perry,PG-13
265,Lori Valencia,2012,Jessica Cook,R
266,Christopher Baxter,2005,John Bailey,PG-16
267,Mike Day,1998,Andrew Johnson,PG-16
268,Peter Black,1992,Melanie Carter,PG-16
269,Monica Johnson,2002,Matthew Bennett,PG-13
270,Amy Parrish,2015,George Wells,PG-16
271,Dustin Fischer DDS,2006,Jessica Hardy,A
272,Ashley Taylor,2017,Michael Page,A
273,Mark Lucas,2007,Nicole Walker,R
274,Deborah Walker,2008,Albert Kim,A
275,Erik Smith,2017,Emily Lopez,PG-13
276,Sarah Martinez,2004,Andrea Velasquez,A
277,Jesus Hampton,1997,Chase Ware,PG-16
278,Christopher Wright,1995,Christopher Fowler,PG-13
279,Noah Gordon,1992,Linda Gonzales,U
280,Jeffrey Robinson,2013,Robert Patel,A
281,Chad Smith,1994,Lisa Tucker,PG-13
282,Victoria Russell,2007,Amber Myers,A
283,Kelly Bailey,2001,Heather Sullivan,A
284,David Willis,2013,Alex Petersen,PG-16
285,Monica Gay,2006,Katherine Chen,U
286,James Spencer,1999,Mr. Ryan Hill,R
287,Edward Hensley,1994,Barbara Salazar,U
288,Renee Hall,2007,James Blankenship,R
289,Leah Harding,2002,Harold Garza,PG-13
290,Alexander Ramirez,2002,Dana Ellison,PG-16
291,Ana Castillo,1995,Jim Hancock,R
292,Laura Hart,2008,John Tucker,U
293,Chelsea Clements,2008,Steven Gonzalez,R
294,Victor Stewart,2012,Michael Arroyo,A
295,Breanna Torres,2015,Johnny Pittman,U
296,Peter Horn,1998,Allison Oconnor,PG-13
297,Robin Frederick,2017,Jeffrey Collins,U
298,Victoria Drake PhD,1998,Diane Herrera,A
299,April Anderson,2008,Sara Wood,A
300,Christopher Brooks,2005,Allen Doyle,U
301,John Morris,2013,Kevin Foster,PG-13
302,Tina Foster,2000,Misty Blake,PG-16
303,Lauren Miller,1993,Pamela Schaefer,R
304,Raymond Smith,2016,Laurie Flores,U
305,Michael Fuller,1993,Stephen Sharp,R
306,Dwayne Chandler,2004,Michael Brown,PG-13
307,Joseph Huerta,1995,Sue Young,A
308,Molly Ray,2011,Julia Ramirez,R
309,Kimberly Johnson,1992,Charles Lynn,PG-16
310,Amy Martin,1998,Michael Vasquez,PG-13
311,Justin Combs,1996,Manuel Guerrero,PG-16
312,Robert Green,2005,Karen Ferguson,U
313,Carol Green,2005,Christopher Allen,PG-13
314,Jared Rivera,2002,Jeremy Bond,PG-16
315,Megan Coleman,2016,Jessica Chen,A
316,Jillian Collins,2014,Randy Boyer,A
317,Patricia Johnson,1999,Monica Hubbard,R
318,Matthew Vasquez,1998,Jessica Harvey,PG-16
319,Jesse Potter,2004,Nicole Henderson,R
320,Johnny Morgan,2014,Craig Hernandez,A
321,Michael Graves,1990,Andrew Henson,PG-13
322,Tiffany Ortiz,1992,Theodore Sawyer,A
323,Kathleen Hawkins,2015,Timothy Stephenson,PG-13
324,Amy Stewart,2010,Anthony Obrien,R
325,Brandon Morales,2003,Lucas Charles,U
326,Dylan Stewart DDS,1999,Carlos Owens,PG-16
327,Sherry Townsend,2015,Tanya Diaz,A
328,Joseph Rios,2002,Mikayla Robinson,PG-16
329,Matthew Santos,2016,Gloria Steele,PG-13
330,Brian Mann,2009,Colleen Davis,PG-13
331,Tiffany Walker,2016,Darlene Mckinney,PG-16
332,Toni Garner,2013,Cassandra Orozco,PG-13
333,Brittany Barry,2003,Thomas Hendricks,A
334,William Vaughn,2015,Jennifer Farley,A
335,Gary Smith,2001,Katie Flowers,PG-13
336,Kaitlyn Hansen,2010,Katherine Rollins,U
337,Thomas Cain,2002,Sophia Rogers,A
338,Rebecca Mckenzie,2006,Nicholas Martin,PG-13
339,Frank Mcgee,2014,Ricky Lane,A
340,Mr. Oscar Davis MD,1998,Jennifer Wilcox,PG-13
341,Reginald Mckinney,2006,Matthew Ortiz DDS,R
342,Mario Davis,2008,Robert Crane,U
343,Marcus Meza,1994,Krista Cooper,PG-13
344,Scott Williams,1994,James Miller,PG-16
345,Kevin Stuart,2015,Dr. Heather Fitzgerald,R
346,Kathleen Rhodes,1999,Alexis Wilson,PG-13
347,Darrell Rodriguez,1993,Glenn Mcdonald,PG-13
348,Angelica Sanchez,2004,Mark Bowen,PG-13
349,Diana Jordan,1994,Deborah Smith,A
350,Carlos Austin,1990,Leah Jacobs,U
351,Emily Harris,2005,Stacy Adkins,PG-13
352,Mary Holder,1998,Matthew Lin,A
353,Kelly Reid,1994,Pamela Trujillo,U
354,Michael Walker,2007,Eric Mccoy,PG-13
355,Rebecca Thomas,1997,Robert Reyes,A
356,Jeff Lewis,1992,Joseph Solomon,PG-16
357,Carrie Sherman,1992,Brendan Carpenter,R
358,Alyssa Brooks,1998,Robert Hill,U
359,Deanna Mitchell,2017,Jennifer Hill,PG-13
360,Corey Davis,2005,Joseph Carter,A
361,Rickey Montes,2001,Philip Kaiser,R
362,Christopher Frey,2010,Alicia Pugh,U
363,Susan Cunningham,1996,Bianca Rodriguez,R
364,Teresa Jefferson,2004,Ashley Weaver,U
365,Maria Smith,2003,James Burns,A
366,Devon Camacho,1998,Jonathan Brown,R
367,Jeffery Underwood,2006,Daniel Mitchell,A
368,Cynthia Lane,2011,Dr. Charlene Gordon DDS,R
369,Curtis Rowland,1999,Tyler Nelson,A
370,Thomas Craig,2016,Raymond Shaw,U
371,Henry Ramirez,2017,Tara Brown,R
372,Jonathan Brown,2000,Regina Adams,PG-13
373,James Rodriguez,1995,Nicole Villarreal,R
374,Jonathan Meyer,2009,Patrick Ferguson,PG-13
375,Rebecca Mora,2001,Kendra Jackson,R
376,Kaylee Jackson,1991,Katie Hoover,U
377,Phillip Moore,2005,Amanda Garcia,U
378,Andres Stuart,1990,Aaron White,PG-13
379,Amber Rogers MD,2016,Jerry Morris,PG-16
380,Bryan Gallagher,1995,Todd Summers,PG-13
381,Maureen Richard,2007,Emily Barton,R
382,Jennifer Lee,2010,Julie Rhodes,R
383,Eric Bradford,2004,Julie Benjamin,PG-13
384,Angela Patton,2015,Sonya Chapman,A
385,Troy Vazquez,2015,Emma Lambert DDS,A
386,William Howell,1992,Elizabeth Sanchez,A
387,Jessica Cannon,2013,Tracy Lozano,U
388,Mark Clark,2017,Troy Smith,R
389,Frank Little,2017,Peggy Smith,R
390,James Vega,1994,Anthony Thornton,PG-16
391,Cheryl Rose,2013,Crystal Obrien,PG-16
392,Sarah Powers,2007,Tony Wagner,PG-16
393,Gabriel Kelley,1998,Mrs. Marissa Johnson,U
394,Sheila Krueger,2015,Amy Contreras,PG-13
395,William Howard,2006,Heidi Sandoval,PG-13
396,Blake Vega,1992,Cynthia Lane,U
397,William Fitzgerald,1993,Troy Combs PhD,PG-13
398,Justin Mills,2008,Nathan Carlson,R
399,Jordan Johnson,2007,Mark Hardy,R
400,Aaron Myers,2014,Christopher Cruz,A
401,Brett Garza,2009,Bryan Miller,R
402,Scott Charles,2010,Kimberly Austin,PG-16
403,Peter Hawkins,2014,Chelsea Gallagher,A
404,Kimberly Woods,2001,Karina Porter,R
405,Courtney Smith,2013,Debra Miller,R
406,Brent Anderson,1994,Jordan Daniel,A
407,Michelle Schwartz,2002,Phillip Wallace,U
408,Andrew Williams,2011,Dustin Smith,PG-13
409,Manuel Jensen,2007,Kristina Harvey,R
410,Ashley Goodwin,1996,Zachary Perez,A
411,Blake Anderson,2005,Alexander Rogers,U
412,Erica Brock,2001,Jeffrey Johnson,PG-13
413,David Robertson,2000,Tammy Kirby,PG-16
414,Eddie Arnold,2014,Robert Stephens,R
415,Jennifer Sherman,2000,Michael Campbell,A
416,Taylor Hamilton,2002,Amanda Cooper,A
417,David Thompson,1993,Rebecca Mahoney,PG-16
418,John Williams,1990,Anthony Jones,PG-16
419,Brenda Lowe,2010,Michael Sosa,PG-16
420,Adrian Harrington,2016,Darren Woods,U
421,Jonathan Perez,2014,Stephanie Jones,PG-16
422,Tiffany Campos,2014,Kirsten Cohen,A
423,Brenda Gilmore,2017,Courtney Wood,PG-13
424,Elizabeth Roberts,2002,Kim Terry,R
425,Shawna Hughes,1992,Miguel Smith,U
426,John Kelly,2001,Christine Vargas,PG-13
427,Daniel Simpson,1996,James Gomez,U
428,Samantha Thomas,2008,Natalie Williams,U
429,Michael Combs,2003,Alexandra White,A
430,Richard Campbell,2002,Brandon Johnson,PG-13
431,Dawn Jones,1993,Kevin Peterson,PG-16
432,Melissa Scott,1992,Kevin Patel,R
433,Jamie Smith,1997,David Vargas,U
434,Tammy Kelley,1993,Brian Benson,PG-16
435,Derrick Lewis,2006,Antonio Taylor,U
436,Charles Collins,2011,Karen Hawkins,PG-13
437,Teresa Sims,2006,Nicole Wright,PG-16
438,Patrick Richards,2009,Brittany Davis,R
439,Andrew Craig,2002,Megan Blevins,U
440,Brian Webb,2016,Richard Randall,R
441,Erica Avila,2014,William Hoover,U
442,Ronald Russell DVM,2011,Julie Rodriguez,R
443,Alejandro Lopez,2005,Rhonda Black,R
444,Abigail Ross,2012,Ryan Williams,A
445,Erin Mata,1993,Diana Hansen,PG-16
446,Erica Mccarthy,2009,Jennifer Oconnor,R
447,Mary Bautista,2010,Leroy Christensen,U
448,Corey Hurst,2005,Faith Thompson,A
449,Travis Perez,2008,Rhonda Lynn,PG-13
450,Mr. Michael Rogers MD,1999,Michael Logan,U
451,Kristy Martinez,1995,Amanda Navarro,PG-16
452,Amanda Odom,2017,Sonya Fisher,PG-13
453,Debra Nguyen,1995,Tami Jackson DDS,U
454,Valerie Willis,2008,Stephen Villegas MD,U
455,Dylan Petersen,2009,Bryan Perry,A
456,Valerie Dalton,1995,Brandon Knox,A
457,Steven Miller,2014,Michelle Sparks,A
458,Debra Estrada,2012,George Shaw,PG-16
459,Erica Ritter,2005,Michelle Powell,R
460,Dennis Jacobs,2002,Danielle Miller,R
461,Travis Graham,2000,Jaime Grant,R
462,Jason Marshall,2003,Ethan Murray PhD,R
463,Elizabeth Lee,2014,Tina Jones,A
464,Jeffrey Curry,2003,Matthew Gomez,PG-16
465,Kimberly Weber,2001,Noah Fischer,PG-16
466,Gerald Dennis,1992,Hunter Martin,R
467,Michael Austin,2006,Jesse Gutierrez,PG-16
468,Joshua Dean,2002,Emily Sanders,U
469,Christian Stanley,1999,Katrina Wise,PG-16
470,Veronica Webster,1991,Robert Richmond,R
471,Charles Mcneil,1990,William Lane,R
472,Garrett Frazier,1996,Adam Patel,U
473,Joshua Adams,2000,Timothy Gray,R
474,Francisco Davis,2015,Ashley Hobbs,A
475,Melissa Wood,1994,Daniel Weaver,U
476,Erin Nichols,2006,Lindsey Brown,A
477,Fred Griffith,1999,Jackson Mendez,PG-13
478,Alex Ramos,1994,Rebecca Burton,PG-13
479,Gina Taylor,1995,Patricia Jones,R
480,Jacob Roberts,2002,Rebecca Rodriguez,A
481,Jacqueline Fitzgerald,1994,Danielle Valdez,U
482,Brendan Fischer,2003,Christopher Evans,U
483,Caroline Payne,1992,Natalie Walker,U
484,John Smith,2012,Anthony Roman,PG-16
485,Carl Schmidt Jr.,2009,Brian Long,U
486,Shelly Guzman,2013,Jennifer Lee,U
487,Amanda Walker DDS,1990,Catherine Kennedy,PG-16
488,Nicole Watson,2005,Valerie Anderson,R
489,Alexis Reilly,1998,Leonard Hawkins,U
490,Fred Drake,1990,Timothy Greer,U
491,Cynthia Williams,2010,Ian Peterson,PG-13
492,Mary Church,2011,Blake Chavez,U
493,Michael Gregory,1994,Jose Johnson,R
494,Elizabeth James,1993,Claire Watkins,R
495,Timothy Kennedy,2015,Bryan Sullivan,R
496,Stephanie Castro,2011,Jessica Evans,A
497,Stephanie Jenkins,1995,Jordan Mccullough,R
498,Shelby Fuller,2011,Robin Johnson,A
499,Carrie Burnett,2012,Steven Garcia,PG-16
500,Catherine Maddox,2003,Jessica Vargas DDS,PG-16
